Input_A6_024,Input_A3_016,Input_C_013,Input_A2_016,Input_A3_017,Input_C_050,Input_A6_001,Input_C_096,Input_A3_018,Input_A6_019,Input_A1_020,Input_A6_011,Input_A3_015,Input_C_046,Input_C_049,Input_A2_024,Input_C_058,Input_C_057,Input_A3_013,Input_A2_017
0.003630308900028467,-0.030177149921655655,0.003575840499252081,-0.029021823778748512,-0.0283320564776659,0.005291100591421127,0.009870203211903572,0.012055323459208012,-0.02560979500412941,-0.028309281915426254,0.5388034582138062,0.0008605238981544971,0.0015169143443927169,0.0011402750387787819,5.841115489602089e-05,0.008239204064011574,0.009378703311085701,0.01168685033917427,0.005591707304120064,-0.028652068227529526
0.0036301584914326668,-0.03018184006214142,0.00357217900454998,-0.02901408076286316,-0.028337130323052406,0.005288301967084408,0.009885424748063087,0.012070071883499622,-0.02562178671360016,-0.028318362310528755,0.5380207300186157,0.0008751475252211094,0.001529051805846393,0.0011439519003033638,6.109458627179265e-05,0.008234352804720402,0.009384091012179852,0.011680224910378456,0.00559250358492136,-0.02866218239068985
0.0036298944614827633,-0.030185364186763763,0.003568385262042284,-0.029006335884332657,-0.028341587632894516,0.0052856155671179295,0.009899169206619263,0.012083949521183968,-0.025632310658693314,-0.028326699510216713,0.5372733473777771,0.0008887406438589096,0.0015401457203552127,0.001147477887570858,6.354460492730141e-05,0.008229859173297882,0.009388767182826996,0.01167386956512928,0.005592992529273033,-0.028671277686953545
0.003630436956882477,-0.030172787606716156,0.0035812058486044407,-0.02903280407190323,-0.02832653746008873,0.005295587703585625,0.009851057082414627,0.012035947293043137,-0.025596164166927338,-0.02829795889556408,0.539858341217041,0.0008413828909397125,0.0015015628887340426,0.0011355411261320114,5.503679858520627e-05,0.008245539851486683,0.009373016655445099,0.011696082539856434,0.0055910153314471245,-0.02863984927535057
0.003629553597420454,-0.030186248943209648,0.0035653647501021624,-0.02900133654475212,-0.028343262150883675,0.005283286329358816,0.009906770661473274,0.012091996148228645,-0.025636369362473488,-0.028330812230706215,0.5368123054504395,0.0008967421017587185,0.001546230516396463,0.0011494345963001251,6.509182276204228e-05,0.008227133192121983,0.00939083844423294,0.011670074425637722,0.00559295155107975,-0.02867543138563633
0.00363097433000803,-0.030162356793880463,0.0035916229244321585,-0.02905711717903614,-0.02831258624792099,0.0053054108284413815,0.009805210866034031,0.01199435070157051,-0.025563113391399384,-0.028271876275539398,0.542162299156189,0.0007978812791407108,0.001468182192184031,0.0011246716603636742,4.68374346382916e-05,0.008260169997811317,0.009361671283841133,0.011717415414750576,0.005589629523456097,-0.028608862310647964
0.00363092590123415,-0.03016147017478943,0.0035913835745304823,-0.02905745804309845,-0.028311729431152344,0.005305320955812931,0.00980365090072155,0.011993440799415112,-0.025561098009347916,-0.028270866721868515,0.5421976447105408,0.0007970007136464119,0.0014673526166006923,0.001124485395848751,4.654825897887349e-05,0.0082605741918087,0.009361112490296364,0.011717820540070534,0.0055892751552164555,-0.028607401996850967
0.0036310129798948765,-0.030163390561938286,0.0035914117470383644,-0.029055962339043617,-0.028313711285591125,0.005305169150233269,0.009808102622628212,0.011996578425168991,-0.025565747171640396,-0.028273578733205795,0.5420469045639038,0.0008002035319805145,0.0014702383195981383,0.0011254465207457542,4.7245644964277744e-05,0.008259358815848827,0.009362589567899704,0.011716320179402828,0.005589749664068222,-0.028610974550247192
0.003629909362643957,-0.03018699586391449,0.0035675738472491503,-0.02900422364473343,-0.028343351557850838,0.005285102874040604,0.009903650730848312,0.012088082730770111,-0.025636576116085052,-0.028329599648714066,0.5370619297027588,0.0008927332237362862,0.0015435683308169246,0.001148485578596592,6.434012902900577e-05,0.00822852086275816,0.009390551596879959,0.011671965941786766,0.005593316629528999,-0.02867467701435089
0.003630408551543951,-0.03017493151128292,0.0035790407564491034,-0.029028037562966347,-0.028329089283943176,0.005293630063533783,0.009859695099294186,0.012044517323374748,-0.025602592155337334,-0.028303096070885658,0.5393959283828735,0.0008499249815940857,0.0015083011239767075,0.0011375974863767624,5.6616903748363256e-05,0.008242744021117687,0.009375512599945068,0.01169193722307682,0.005591417662799358,-0.028645506128668785
0.0036296802572906017,-0.030185941606760025,0.0035662525333464146,-0.029002850875258446,-0.02834273688495159,0.0052839620038867,0.00990443117916584,0.012089497409760952,-0.02563510462641716,-0.028329500928521156,0.5369542837142944,0.0008942359127104282,0.0015444104792550206,0.0011488227173686028,6.459758151322603e-05,0.008227992802858353,0.009390164166688919,0.011671220883727074,0.005592901259660721,-0.028674140572547913
0.003629612270742655,-0.030182158574461937,0.0035682448651641607,-0.029008058831095695,-0.028338467702269554,0.005285167135298252,0.009893718175590038,0.012079371139407158,-0.02562497742474079,-0.028322484344244003,0.5374699831008911,0.000884592067450285,0.001536019379273057,0.001146240159869194,6.288173608481884e-05,0.008231189101934433,0.009385943412780762,0.01167583279311657,0.005592235364019871,-0.028666041791439056
0.0036294469609856606,-0.030185267329216003,0.003565373597666621,-0.029002103954553604,-0.028342200443148613,0.00528318714350462,0.009904880076646805,0.012090207077562809,-0.025633852928876877,-0.028329232707619667,0.5368866324424744,0.000895290169864893,0.0015447093173861504,0.0011490043252706528,6.493064574897289e-05,0.008227642625570297,0.009389973245561123,0.011670811101794243,0.005592689383774996,-0.028673676773905754
0.0036303442902863026,-0.030163833871483803,0.0035867963451892138,-0.029047934338450432,-0.028315873816609383,0.005300962366163731,0.009820014238357544,0.012008571065962315,-0.025570683181285858,-0.028279375284910202,0.5413215160369873,0.0008131051436066628,0.0014794559683650732,0.0011287368834018707,4.95798303745687e-05,0.008255033753812313,0.009364383295178413,0.011709978803992271,0.005589183419942856,-0.02861712872982025
0.003629706334322691,-0.030186403542757034,0.003566462779417634,-0.029003070667386055,-0.028343001380562782,0.005284105893224478,0.009904775768518448,0.012089475058019161,-0.025635750964283943,-0.02832973748445511,0.5369598865509033,0.0008943318389356136,0.0015443998854607344,0.0011487379670143127,6.474932888522744e-05,0.008227940648794174,0.00939050130546093,0.011671220883727074,0.005593116395175457,-0.02867463231086731
0.0036296662874519825,-0.030185557901859283,0.0035664692986756563,-0.029003402218222618,-0.028342289850115776,0.005284087732434273,0.009903362952172756,0.012088487856090069,-0.025634072721004486,-0.02832881361246109,0.537006139755249,0.0008932962082326412,0.0015434921951964498,0.0011485237628221512,6.444088649004698e-05,0.008228309452533722,0.009389746002852917,0.011671708896756172,0.005592900328338146,-0.028673317283391953
0.0036308113485574722,-0.030163254588842392,0.0035901053342968225,-0.029053915292024612,-0.028314122930169106,0.005303944461047649,0.009810945019125938,0.011999540030956268,-0.025566626340150833,-0.028274858370423317,0.5418617725372314,0.0008034007623791695,0.0014724822249263525,0.0011261869221925735,4.786689532920718e-05,0.008258318528532982,0.009362941607832909,0.011714665219187737,0.005589500069618225,-0.0286122914403677
0.0036298525519669056,-0.03018699213862419,0.0035669903736561537,-0.02900339849293232,-0.028343500569462776,0.005284602753818035,0.009904773905873299,0.012089275754988194,-0.025636915117502213,-0.02833009883761406,0.5369890928268433,0.0008939290419220924,0.0015444798627868295,0.0011487212032079697,6.459210999310017e-05,0.008228091523051262,0.009390776976943016,0.011671334505081177,0.005593244917690754,-0.028675217181444168
0.0036303666420280933,-0.030176397413015366,0.003577142721042037,-0.02902429923415184,-0.028331002220511436,0.005292149260640144,0.009866105392575264,0.01205127127468586,-0.025607213377952576,-0.028307050466537476,0.5390327572822571,0.0008565406315028667,0.001513579161837697,0.0011392338201403618,5.7700963225215673e-05,0.008240601047873497,0.00937749445438385,0.011688774451613426,0.005591606721282005,-0.028649713844060898
0.0036298451013863087,-0.03018483892083168,0.0035686062183231115,-0.029007112607359886,-0.02834097109735012,0.0052856821566820145,0.009897708892822266,0.012082370929419994,-0.025630906224250793,-0.02832561731338501,0.5373498201370239,0.0008873357437551022,0.0015388141619041562,0.0011468883603811264,6.348325405269861e-05,0.008230294100940228,0.009388183243572712,0.011674448847770691,0.005592953413724899,-0.028670307248830795
0.003630366176366806,-0.030173370614647865,0.0035799264442175627,-0.02903038077056408,-0.028327394276857376,0.005294464528560638,0.009854866191744804,0.012040134519338608,-0.025598328560590744,-0.02830013819038868,0.5396265983581543,0.0008455063216388226,0.0015048066852614284,0.0011367173865437508,5.565537139773369e-05,0.008244222030043602,0.009373979642987251,0.011694188229739666,0.00559096597135067,-0.028641821816563606
0.0036302655935287476,-0.030174685642123222,0.0035780768375843763,-0.029026726260781288,-0.02832905575633049,0.00529281422495842,0.009861207567155361,0.012046333402395248,-0.02560265362262726,-0.028303660452365875,0.539279043674469,0.0008518737740814686,0.0015095706330612302,0.0011380696669220924,5.6973600294440985e-05,0.00824210699647665,0.009375646710395813,0.011691049672663212,0.005591250956058502,-0.028645899146795273
0.0036297375336289406,-0.030183888971805573,0.0035683719906955957,-0.029007377102971077,-0.028340138494968414,0.0052854581736028194,0.009896424598991871,0.012081509456038475,-0.025628864765167236,-0.028324630111455917,0.5373795628547668,0.0008866232819855213,0.0015379043761640787,0.0011466899886727333,6.33232994005084e-05,0.00823056511580944,0.009387481957674026,0.011674819514155388,0.005592682398855686,-0.028668953105807304
0.00363053847104311,-0.030162379145622253,0.0035884100943803787,-0.02905161865055561,-0.028313789516687393,0.005302414298057556,0.00981324352324009,0.012002365663647652,-0.025565892457962036,-0.028275491669774055,0.5416691899299622,0.0008064503781497478,0.001474476302973926,0.0011270316317677498,4.832586273550987e-05,0.008257271721959114,0.009362790733575821,0.011713257990777493,0.005589109379798174,-0.028612369671463966
0.0036302926018834114,-0.030177339911460876,0.0035759974271059036,-0.02902200259268284,-0.02833208069205284,0.005291135050356388,0.009870247915387154,0.01205499842762947,-0.025610022246837616,-0.02830919250845909,0.5388191938400269,0.0008603613823652267,0.0015166728990152478,0.0011401716619729996,5.856045754626393e-05,0.00823921523988247,0.009378703311085701,0.011686998419463634,0.005591828841716051,-0.028652150183916092
0.0036298553459346294,-0.030185598880052567,0.0035680015571415424,-0.029005633667111397,-0.028341956436634064,0.005285308696329594,0.009900368750095367,0.012085107155144215,-0.02563318982720375,-0.02832736074924469,0.5372107028961182,0.0008898586966097355,0.0015410317573696375,0.0011476268991827965,6.382231367751956e-05,0.00822947546839714,0.009389109909534454,0.0116732781752944,0.005593063309788704,-0.028672119602560997
0.0036297705955803394,-0.030186399817466736,0.0035667354241013527,-0.029003268107771873,-0.028343038633465767,0.0052843657322227955,0.009904302656650543,0.012089142575860023,-0.02563580311834812,-0.028329672291874886,0.5369870066642761,0.0008937753736972809,0.0015442571602761745,0.0011487295851111412,6.449886132031679e-05,0.008228148333728313,0.009390415623784065,0.01167143601924181,0.005593090318143368,-0.028674457222223282
0.0036304323002696037,-0.030302293598651886,0.0035673005040735006,-0.02899234928190708,-0.028414277359843254,0.005281929858028889,0.010047873482108116,0.012209281325340271,-0.025847317650914192,-0.028381049633026123,0.531609058380127,0.0010505961254239082,0.0016295736422762275,0.0011427029967308044,9.041058365255594e-05,0.008181530050933361,0.009439347311854362,0.011641309596598148,0.005587465595453978,-0.028827181085944176
0.003629931714385748,-0.030184786766767502,0.003569074207916856,-0.02900776080787182,-0.028340794146060944,0.005286086350679398,0.00989670678973198,0.012081391178071499,-0.025630448013544083,-0.0283251591026783,0.5374091267585754,0.0008863159455358982,0.0015381560660898685,0.0011468185111880302,6.314524216577411e-05,0.008230692707002163,0.009387942031025887,0.011675023473799229,0.005592893809080124,-0.02866967022418976
0.0036300173960626125,-0.030174098908901215,0.0035763229243457317,-0.02902437560260296,-0.028328897431492805,0.005291285924613476,0.00986381433904171,0.012049616314470768,-0.02560237981379032,-0.02830461412668228,0.5390682220458984,0.0008553499355912209,0.001511891488917172,0.0011390158906579018,5.750119453296065e-05,0.008240999653935432,0.009375805035233498,0.011689513921737671,0.005590871907770634,-0.028646297752857208
0.003629809245467186,-0.030183915048837662,0.0035690655931830406,-0.0290084071457386,-0.028339862823486328,0.005285960156470537,0.009895067662000656,0.01207987405359745,-0.025628261268138885,-0.028323829174041748,0.5374748110771179,0.0008850330486893654,0.0015367382438853383,0.0011462690308690071,6.30929134786129e-05,0.008231098763644695,0.009387172758579254,0.011675616726279259,0.005592767149209976,-0.028668208047747612
0.0036300402134656906,-0.03018418699502945,0.0035702844616025686,-0.02900998480618,-0.028339862823486328,0.005286967847496271,0.009893211536109447,0.012077705934643745,-0.02562819793820381,-0.02832314930856228,0.5376145243644714,0.0008827243000268936,0.00153527338989079,0.001145845279097557,6.251974264159799e-05,0.008231885731220245,0.009386890567839146,0.011676697060465813,0.00559287890791893,-0.028667638078331947
0.0036301463842391968,-0.030167128890752792,0.0035847832914441824,-0.02904229797422886,-0.028319910168647766,0.005298979580402374,0.00983189232647419,0.012018417939543724,-0.025580085813999176,-0.028286034241318703,0.5407817959785461,0.0008237538859248161,0.001487571164034307,0.0011314423754811287,5.186593625694513e-05,0.008251313120126724,0.009367400780320168,0.011704809032380581,0.005589746404439211,-0.02862582355737686
0.003630137536674738,-0.030182795599102974,0.0035716223064810038,-0.029012633487582207,-0.028338264673948288,0.005287974141538143,0.009888081811368465,0.012072860263288021,-0.025624431669712067,-0.02832023985683918,0.5378797054290771,0.0008777775801718235,0.001531406887806952,0.0011446280404925346,6.15183962509036e-05,0.008233524858951569,0.009385176934301853,0.011678935959935188,0.005592649336904287,-0.02866430953145027
0.003629963379353285,-0.030185051262378693,0.00356897315941751,-0.02900741808116436,-0.02834109216928482,0.005286016501486301,0.009897430427372456,0.01208207756280899,-0.025631166994571686,-0.028325624763965607,0.5373759269714355,0.0008869175799190998,0.001538771204650402,0.0011470131576061249,6.322842091321945e-05,0.008230471983551979,0.009388227015733719,0.011674726381897926,0.0055929324589669704,-0.028670180588960648
0.003629795741289854,-0.03018566407263279,0.0035671088844537735,-0.029004335403442383,-0.028342230245471,0.005284598097205162,0.0099022863432765,0.012087163515388966,-0.02563384547829628,-0.02832828275859356,0.5370864868164062,0.0008919727988541126,0.0015425948658958077,0.001148231327533722,6.415421376004815e-05,0.008228770457208157,0.009389546699821949,0.011672326363623142,0.005592933855950832,-0.028672916814684868
0.003631383180618286,-0.030160091817378998,0.0035949444863945246,-0.029064113274216652,-0.028308933600783348,0.0053087929263710976,0.00979195162653923,0.011982759460806847,-0.0255548357963562,-0.028265122324228287,0.5428303480148315,0.0007853726856410503,0.0014589476631954312,0.0011215778067708015,4.419888136908412e-05,0.008264551870524883,0.009358899667859077,0.011723550967872143,0.005589537788182497,-0.02860069088637829
0.0036299889907240868,-0.03018164448440075,0.003571032313629985,-0.029012328013777733,-0.028337322175502777,0.005287361331284046,0.00988740660250187,0.012072568759322166,-0.025622248649597168,-0.028319334611296654,0.5378692150115967,0.00087763462215662,0.0015309748705476522,0.00114466343075037,6.14686869084835e-05,0.0082335714250803,0.009384388104081154,0.011679047718644142,0.005592259578406811,-0.02866286411881447
0.0036303317174315453,-0.03017459250986576,0.003578527830541134,-0.029027430340647697,-0.028328852728009224,0.005293182097375393,0.009860153310000896,0.012045197188854218,-0.025602106004953384,-0.028303097933530807,0.5393458008766174,0.0008506756275892258,0.0015087983338162303,0.0011378396302461624,5.670759128406644e-05,0.008242499083280563,0.009375396184623241,0.011691618710756302,0.005591234657913446,-0.028645288199186325
0.003629999700933695,-0.030184077098965645,0.0035702651366591454,-0.02901001274585724,-0.028339747339487076,0.00528689892962575,0.009893035516142845,0.012077419087290764,-0.025628015398979187,-0.028322940692305565,0.5376240015029907,0.0008825017139315605,0.001535025890916586,0.001145630143582821,6.263353861868382e-05,0.008231907151639462,0.009386807680130005,0.011676709167659283,0.005592944100499153,-0.02866758592426777
0.0036314125172793865,-0.03015885502099991,0.0035962730180472136,-0.02906736731529236,-0.028307173401117325,0.005310152657330036,0.00978579930961132,0.01197749748826027,-0.025550689548254013,-0.028261937201023102,0.5431256890296936,0.0007799752056598663,0.0014545173617079854,0.001120082102715969,4.326447378844023e-05,0.008266521617770195,0.009357389062643051,0.011726184748113155,0.005589447449892759,-0.028596937656402588
0.0036300988867878914,-0.030178438872098923,0.003573732916265726,-0.029018105939030647,-0.02833368070423603,0.005289371591061354,0.009876580908894539,0.01206168532371521,-0.02561376988887787,-0.028312714770436287,0.538446843624115,0.0008669346570968628,0.0015219078632071614,0.001141800545156002,5.968409823253751e-05,0.008236956782639027,0.009380520321428776,0.011683949269354343,0.0055919066071510315,-0.02865571714937687
0.0036300099454820156,-0.03018641471862793,0.0035688127391040325,-0.02900637499988079,-0.028342537581920624,0.005286021623760462,0.009900110773742199,0.012084413319826126,-0.02563457563519478,-0.028327668085694313,0.5372697114944458,0.0008890284225344658,0.0015407232567667961,0.0011474061757326126,6.37187622487545e-05,0.008229739964008331,0.009389540180563927,0.01167356874793768,0.005593341775238514,-0.028672868385910988
0.0036297449842095375,-0.030187243595719337,0.003566037630662322,-0.029001759365200996,-0.028344038873910904,0.0052838558331131935,0.009907253086566925,0.012091970071196556,-0.025638116523623466,-0.028331436216831207,0.5368385314941406,0.0008965213783085346,0.0015464832540601492,0.0011493721976876259,6.504583870992064e-05,0.008227240294218063,0.00939144566655159,0.011670124717056751,0.005593216046690941,-0.028676412999629974
0.0036303759552538395,-0.030174599960446358,0.003578820265829563,-0.02902793325483799,-0.02832881733775139,0.005293452180922031,0.009859520941972733,0.012044534087181091,-0.025601917877793312,-0.02830285206437111,0.5393885374069214,0.000849943608045578,0.0015082628233358264,0.00113765150308609,5.6559976655989885e-05,0.008242746815085411,0.009375324472784996,0.011691968888044357,0.005591271445155144,-0.028645042330026627
0.0036308271810412407,-0.030162930488586426,0.0035900187212973833,-0.02905372902750969,-0.028313791379332542,0.005303823389112949,0.009810850955545902,0.011999424546957016,-0.02556600794196129,-0.028274554759263992,0.5418602228164673,0.0008031697943806648,0.0014724776847288013,0.001126335933804512,4.770571831613779e-05,0.008258303627371788,0.009362716227769852,0.011714888736605644,0.005589460954070091,-0.02861158177256584
0.0036299964413046837,-0.030185896903276443,0.00356857618317008,-0.029006313532590866,-0.02834206447005272,0.005285786464810371,0.00989973358809948,0.012084370478987694,-0.025633404031395912,-0.02832721173763275,0.537265419960022,0.0008889483287930489,0.001540673547424376,0.0011475756764411926,6.353738717734814e-05,0.008229809813201427,0.009389150887727737,0.01167372614145279,0.005593078210949898,-0.028671910986304283
0.0036301701329648495,-0.030169466510415077,0.00358269433490932,-0.02903749980032444,-0.02832292765378952,0.005296981893479824,0.009841280989348888,0.012026991695165634,-0.02558710239827633,-0.028291665017604828,0.5403185486793518,0.0008326270617544651,0.0014941574772819877,0.0011335359886288643,5.34766586497426e-05,0.00824830774217844,0.009369785897433758,0.011700479313731194,0.005590162239968777,-0.028632499277591705
0.003629786893725395,-0.03018566407263279,0.0035674453247338533,-0.029004815965890884,-0.028342118486762047,0.005284870974719524,0.009901586920022964,0.01208636723458767,-0.025633646175265312,-0.028327930718660355,0.5371341109275818,0.0008911793120205402,0.0015419520204886794,0.0011479398235678673,6.410438800230622e-05,0.008229012601077557,0.00938939955085516,0.011672676540911198,0.005593044683337212,-0.02867267094552517
0.0036302078515291214,-0.030185513198375702,0.0035706127528101206,-0.02900955267250538,-0.028341159224510193,0.0052873543463647366,0.009894954040646553,0.012079112231731415,-0.02563125267624855,-0.028324749320745468,0.537567138671875,0.0008837617933750153,0.0015366625739261508,0.001146187074482441,6.264279363676906e-05,0.008231528103351593,0.009387974627315998,0.011676104739308357,0.005593247711658478,-0.028669679537415504
0.0036315745674073696,-0.030160117894411087,0.0035975344944745302,-0.02906842716038227,-0.02830805443227291,0.0053110686130821705,0.009785949252545834,0.011976586654782295,-0.025552740320563316,-0.02826240286231041,0.5432039499282837,0.0007790094241499901,0.0014541661366820335,0.0011198334395885468,4.338606959208846e-05,0.008266760967671871,0.009357760660350323,0.011726637370884418,0.005590002052485943,-0.028598003089427948
0.003630115184932947,-0.030174337327480316,0.003576807677745819,-0.02902498096227646,-0.02832905389368534,0.005291733890771866,0.009863176383078098,0.012048875913023949,-0.025602709501981735,-0.02830454520881176,0.539122462272644,0.0008544162847101688,0.001511378912255168,0.0011387541890144348,5.73181314393878e-05,0.008241290226578712,0.00937587209045887,0.011689885519444942,0.005591010674834251,-0.02864634431898594
0.0036300956271588802,-0.0301738902926445,0.003577075432986021,-0.029025649651885033,-0.028328537940979004,0.005291955079883337,0.009861862286925316,0.01204757671803236,-0.02560138702392578,-0.0283036045730114,0.5391883254051208,0.0008532078936696053,0.0015103744808584452,0.0011385083198547363,5.7078199461102486e-05,0.008241706527769566,0.00937536358833313,0.011690513230860233,0.005590877495706081,-0.028645271435379982
0.00362955778837204,-0.030185416340827942,0.0035660129506140947,-0.029002802446484566,-0.028342287987470627,0.005283700302243233,0.009903938509523869,0.012089324183762074,-0.025633972138166428,-0.028329048305749893,0.5369552969932556,0.0008940701372921467,0.0015441215364262462,0.0011487510055303574,6.460904842242599e-05,0.008228037506341934,0.009389872662723064,0.011671301908791065,0.00559279415756464,-0.028673436492681503
0.0036299829371273518,-0.03018605336546898,0.003568832529708743,-0.029006723314523697,-0.028342168778181076,0.005285978317260742,0.009899397380650043,0.012083709239959717,-0.025633614510297775,-0.0283270925283432,0.5372993350028992,0.0008884617127478123,0.0015400927513837814,0.0011472450569272041,6.364576984196901e-05,0.008229938335716724,0.009389212355017662,0.01167385932058096,0.005593247711658478,-0.028672222048044205
0.0036301249638199806,-0.03018522448837757,0.003570359665900469,-0.02900949865579605,-0.028340844437479973,0.0052871014922857285,0.009894883260130882,0.012079060077667236,-0.02563055232167244,-0.028324443846940994,0.5375581979751587,0.0008839145302772522,0.0015364921418949962,0.0011461349204182625,6.27826084382832e-05,0.00823147688060999,0.009387788362801075,0.01167609915137291,0.005593179725110531,-0.02866930514574051
0.0036300201900303364,-0.03018568828701973,0.0035690534859895706,-0.029007237404584885,-0.028341662138700485,0.005286151077598333,0.009898336604237556,0.012082740664482117,-0.02563251554965973,-0.028326354920864105,0.537349283695221,0.0008875415660440922,0.0015393599169328809,0.0011471444740891457,6.33652089163661e-05,0.008230278268456459,0.009388744831085205,0.011674406938254833,0.005593113601207733,-0.02867119386792183
0.0036303135566413403,-0.030174698680639267,0.0035784831270575523,-0.029027361422777176,-0.028328968212008476,0.00529314624145627,0.009860417805612087,0.01204539742320776,-0.025602374225854874,-0.02830326557159424,0.5393354892730713,0.0008509107865393162,0.0015088868094608188,0.0011378293856978416,5.6808581575751305e-05,0.008242418989539146,0.00937551911920309,0.01169150322675705,0.005591302178800106,-0.028645552694797516
0.003630349412560463,-0.03016366809606552,0.003586521837860346,-0.02904750034213066,-0.028315739706158638,0.005300708580762148,0.009820397943258286,0.012009087949991226,-0.025570400059223175,-0.028279414400458336,0.5412908792495728,0.0008134655654430389,0.0014799096388742328,0.0011288942769169807,4.955980693921447e-05,0.00825489778071642,0.009364374913275242,0.011709901504218578,0.005589150823652744,-0.028616834431886673
0.0036300336942076683,-0.03018532693386078,0.0035693757236003876,-0.029007893055677414,-0.0283412616699934,0.005286375992000103,0.00989706814289093,0.012081533670425415,-0.025631526485085487,-0.028325609862804413,0.5374143123626709,0.0008863429538905621,0.001538393902592361,0.001146845519542694,6.312795449048281e-05,0.008230679668486118,0.009388312697410583,0.01167495921254158,0.005593058653175831,-0.02867036499083042
0.003631146624684334,-0.030161213129758835,0.0035930981393903494,-0.02906043455004692,-0.028310831636190414,0.005306982900947332,0.009798896498978138,0.011988949030637741,-0.02555904909968376,-0.028268713504076004,0.5424709916114807,0.0007921326905488968,0.001463835360482335,0.001123298890888691,4.5573338866233826e-05,0.008262276649475098,0.00936039723455906,0.011720268055796623,0.005589473992586136,-0.028604969382286072
0.0036297328770160675,-0.030185870826244354,0.0035668134223669767,-0.029003802686929703,-0.028342481702566147,0.00528436154127121,0.009903155267238617,0.012088049203157425,-0.025634489953517914,-0.028328798711299896,0.5370370149612427,0.0008928379975259304,0.0015432939399033785,0.0011484241113066673,6.440409924834967e-05,0.008228463120758533,0.009389884769916534,0.011671889573335648,0.005592972040176392,-0.028673503547906876
0.0036308798007667065,-0.03016091324388981,0.003591494634747505,-0.029057960957288742,-0.028311071917414665,0.005305402912199497,0.009802286513149738,0.0119923185557127,-0.02555965445935726,-0.028269918635487556,0.5422540903091431,0.0007958044297993183,0.0014663136098533869,0.0011241314932703972,4.6374218072742224e-05,0.008260944858193398,0.009360622614622116,0.011718484573066235,0.005589289590716362,-0.028606100007891655
0.00362996943295002,-0.03017396479845047,0.003576200222596526,-0.02902441844344139,-0.02832874469459057,0.0052912188693881035,0.009863751009106636,0.012049549259245396,-0.025601893663406372,-0.02830439805984497,0.5390665531158447,0.0008554309606552124,0.0015117202419787645,0.0011390047147870064,5.754927406087518e-05,0.008240991272032261,0.009375711902976036,0.011689549311995506,0.0055908383801579475,-0.028646089136600494
0.0036297067999839783,-0.030185233801603317,0.0035672213416546583,-0.029004797339439392,-0.028341729193925858,0.005284636281430721,0.009901192039251328,0.012086130678653717,-0.02563268318772316,-0.02832748368382454,0.5371353030204773,0.0008910582400858402,0.0015417007962241769,0.0011479128152132034,6.411748472601175e-05,0.008229049853980541,0.009389139711856842,0.011672739870846272,0.005592889618128538,-0.028672102838754654
0.003629774786531925,-0.03018682822585106,0.0035665847826749086,-0.029002860188484192,-0.028343455865979195,0.005284274462610483,0.009905312210321426,0.012090003117918968,-0.025636820122599602,-0.028330305591225624,0.5369433760643005,0.0008946582674980164,0.0015449677594006062,0.001148913986980915,6.472156383097172e-05,0.00822784099727869,0.009390823543071747,0.011671014130115509,0.005593179725110531,-0.02867528423666954
0.0036305105313658714,-0.030173607170581818,0.003581250784918666,-0.02903236448764801,-0.028327250853180885,0.005295605398714542,0.009852508082985878,0.012037115171551704,-0.02559800073504448,-0.02829901874065399,0.5398036241531372,0.0008425619453191757,0.0015026119071990252,0.0011359145864844322,5.527603207156062e-05,0.008245156146585941,0.00937369093298912,0.011695547960698605,0.005591200664639473,-0.02864116057753563
0.003629847429692745,-0.030190329998731613,0.0035638536792248487,-0.028996916487812996,-0.028347624465823174,0.005282159894704819,0.009917346760630608,0.012101888656616211,-0.02564634010195732,-0.028337404131889343,0.5363386869430542,0.0009056595154106617,0.0015543345361948013,0.0011518578976392746,6.673746975138783e-05,0.008224382996559143,0.009395129047334194,0.011665888130664825,0.005593486130237579,-0.02868259698152542
0.0036300416104495525,-0.030190670862793922,0.0035651379730552435,-0.02899850346148014,-0.02834760583937168,0.005283176898956299,0.009915430098772049,0.012099379673600197,-0.025646209716796875,-0.028336603194475174,0.536487340927124,0.0009032255038619041,0.0015527344075962901,0.0011512357741594315,6.626226240769029e-05,0.008225171826779842,0.009394894354045391,0.011666957288980484,0.005593630485236645,-0.0286821611225605
0.00362987257540226,-0.03018951416015625,0.003564779879525304,-0.0289986003190279,-0.028346575796604156,0.005282856523990631,0.009913966059684753,0.012098403647542,-0.02564377151429653,-0.028335517272353172,0.5365152359008789,0.0009024771861732006,0.0015518049476668239,0.0011510234326124191,6.606854731217027e-05,0.00822535715997219,0.009394058957695961,0.0116673419252038,0.0055933487601578236,-0.028680693358182907
0.0036298749037086964,-0.03019029274582863,0.0035642364528030157,-0.028997473418712616,-0.02834746055305004,0.005282470025122166,0.009916508570313454,0.01210084930062294,-0.0256459042429924,-0.028336934745311737,0.5363926887512207,0.0009047766216099262,0.0015536099672317505,0.0011516278609633446,6.658228812739253e-05,0.008224673569202423,0.009394912049174309,0.011666304431855679,0.00559348426759243,-0.028682256117463112
0.0036301943473517895,-0.030188381671905518,0.003568254644051194,-0.029004424810409546,-0.028344573453068733,0.0052856504917144775,0.009904775768518448,0.012088810093700886,-0.025639142841100693,-0.02833077870309353,0.5370595455169678,0.0008930172771215439,0.0015444975579157472,0.0011487137526273727,6.42758677713573e-05,0.008228456601500511,0.009391570463776588,0.011671776883304119,0.00559353269636631,-0.028676163405179977
0.003630485851317644,-0.03017869032919407,0.0035766030196100473,-0.029022250324487686,-0.028333300724625587,0.005291661713272333,0.009871198795735836,0.012055658735334873,-0.025612633675336838,-0.02831042930483818,0.5388171672821045,0.0008607101626694202,0.0015174533473327756,0.0011402508243918419,5.860358942300081e-05,0.008239091373980045,0.00937974639236927,0.011686737649142742,0.0055921729654073715,-0.028653932735323906
0.003629885148257017,-0.030188292264938354,0.003565866267308593,-0.029000909999012947,-0.028345143422484398,0.005283727776259184,0.009909471496939659,0.012094089761376381,-0.02564050257205963,-0.028332974761724472,0.5367440581321716,0.0008983290754258633,0.001548310392536223,0.0011499570682644844,6.529438542202115e-05,0.008226679638028145,0.009392481297254562,0.01166929304599762,0.00559326121583581,-0.02867802418768406
0.0036301538348197937,-0.03018890880048275,0.0035676369443535805,-0.029003314673900604,-0.028345193713903427,0.005285157822072506,0.009906969964504242,0.012090865522623062,-0.025640539824962616,-0.028331952169537544,0.5369455814361572,0.0008951262570917606,0.0015460903523489833,0.0011491980403661728,6.471486994996667e-05,0.008227789774537086,0.00939230713993311,0.011670833453536034,0.005593577399849892,-0.02867741324007511
0.0036302474327385426,-0.03018413670361042,0.003571591107174754,-0.029011787846684456,-0.028339602053165436,0.0052879573777318,0.009890458546578884,0.012075020931661129,-0.025627415627241135,-0.028322044759988785,0.5377854108810425,0.0008796476759016514,0.0015333904884755611,0.0011452184990048409,6.182596553117037e-05,0.008232895284891129,0.009386423975229263,0.011678040958940983,0.005592898465692997,-0.028666438534855843
0.0036297785118222237,-0.03019000217318535,0.003563679987564683,-0.02899675816297531,-0.028347399085760117,0.0052820611745119095,0.009917102754116058,0.012101858854293823,-0.025645792484283447,-0.028337223455309868,0.5363327860832214,0.0009056967683136463,0.0015542280161753297,0.0011518942192196846,6.670528091490269e-05,0.008224359713494778,0.009394911117851734,0.011665867641568184,0.00559339951723814,-0.02868233062326908
0.0036301659420132637,-0.030186042189598083,0.003569589927792549,-0.02900768630206585,-0.02834201231598854,0.005286565516144037,0.009897878393530846,0.012082472443580627,-0.025633065029978752,-0.02832653373479843,0.5373892784118652,0.000886810477823019,0.0015393233625218272,0.0011471547186374664,6.30600843578577e-05,0.008230503648519516,0.009388945065438747,0.011674703098833561,0.005593154113739729,-0.028671253472566605
0.0036299051716923714,-0.030190210789442062,0.0035645777825266123,-0.02899801731109619,-0.02834726683795452,0.0052827331237494946,0.009915654547512531,0.012099891901016235,-0.02564539760351181,-0.028336500748991966,0.5364437699317932,0.0009039090946316719,0.001552930916659534,0.0011513922363519669,6.639916682615876e-05,0.008224951103329659,0.009394721128046513,0.011666722595691681,0.005593481473624706,-0.02868184633553028
0.0036303671076893806,-0.030186764895915985,0.003570836503058672,-0.029009312391281128,-0.02834232524037361,0.005287617444992065,0.009896598756313324,0.012080419808626175,-0.025633834302425385,-0.02832615375518799,0.5375202894210815,0.0008848779834806919,0.0015378256794065237,0.001146518625319004,6.284809205681086e-05,0.008231133222579956,0.009389027021825314,0.011675610207021236,0.005593536421656609,-0.028671499341726303
0.0036300159990787506,-0.03018883243203163,0.0035665107425302267,-0.029001589864492416,-0.028345465660095215,0.005284262355417013,0.009909166023135185,0.012093453668057919,-0.025641215965151787,-0.028333034366369247,0.5367916822433472,0.0008976776152849197,0.0015479844296351075,0.0011498872190713882,6.51407171972096e-05,0.008226945996284485,0.009392743930220604,0.011669646948575974,0.005593416281044483,-0.028678247705101967
0.0036301841028034687,-0.030185645446181297,0.003570433473214507,-0.029009347781538963,-0.028341349214315414,0.005287160165607929,0.009895408526062965,0.012079672887921333,-0.025631552562117577,-0.028325067833065987,0.5375367999076843,0.0008843438699841499,0.0015370500041171908,0.0011463835835456848,6.2790815718472e-05,0.008231323212385178,0.009388208389282227,0.011675870977342129,0.005593184381723404,-0.028669994324445724
0.003630116581916809,-0.030189327895641327,0.0035667645279318094,-0.029001686722040176,-0.02834584377706051,0.00528447050601244,0.00990960095077753,0.012093590572476387,-0.025642095133662224,-0.02833336591720581,0.5367936491966248,0.0008977586403489113,0.0015482321614399552,0.0011499254032969475,6.515253335237503e-05,0.008226938545703888,0.009393067099153996,0.011669601313769817,0.005593517795205116,-0.028678754344582558
0.0036302367225289345,-0.030184291303157806,0.0035716479178518057,-0.029012005776166916,-0.02833963930606842,0.005288036074489355,0.009890453889966011,0.012074869126081467,-0.0256274975836277,-0.02832203358411789,0.5377928018569946,0.0008796853944659233,0.0015331554459407926,0.0011451216414570808,6.194243906065822e-05,0.008232885971665382,0.009386476129293442,0.011678095906972885,0.005592982284724712,-0.028666598722338676
0.0036298995837569237,-0.030187999829649925,0.003566509345546365,-0.029001977294683456,-0.02834472805261612,0.005284227430820465,0.009907606989145279,0.012092269957065582,-0.025639507919549942,-0.028332047164440155,0.5368484258651733,0.0008964692242443562,0.001546892337501049,0.0011494718492031097,6.497884169220924e-05,0.008227253332734108,0.009391963481903076,0.011670103296637535,0.0055933259427547455,-0.02867712453007698
0.003629839513450861,-0.030189748853445053,0.0035643267910927534,-0.028997784480452538,-0.02834690734744072,0.00528247095644474,0.009915377013385296,0.01209983415901661,-0.025644570589065552,-0.028336254879832268,0.5364346504211426,0.0009039011783897877,0.0015529183438047767,0.0011514369398355484,6.632506847381592e-05,0.008224902674555779,0.009394464083015919,0.011666716076433659,0.005593335255980492,-0.028681360185146332
0.0036299489438533783,-0.030188102275133133,0.0035669796634465456,-0.02900267019867897,-0.028344688937067986,0.005284626968204975,0.009906768798828125,0.01209128089249134,-0.02563941851258278,-0.02833169512450695,0.5369080901145935,0.000895514152944088,0.0015461737057194114,0.0011492054909467697,6.482645403593779e-05,0.008227601647377014,0.009391875006258488,0.011670553125441074,0.005593391600996256,-0.02867690846323967
0.0036299191415309906,-0.03018919937312603,0.003565358929336071,-0.02899961546063423,-0.028346145525574684,0.0052833594381809235,0.009912239387631416,0.012096628546714783,-0.025642815977334976,-0.028334595263004303,0.5366122722625732,0.0009008077904582024,0.0015503827016800642,0.0011505931615829468,6.574956933036447e-05,0.008225916884839535,0.009393494576215744,0.011668149381875992,0.005593365523964167,-0.02867981046438217
0.00362984137609601,-0.030187051743268967,0.0035670401994138956,-0.029003458097577095,-0.028343627229332924,0.0052846334874629974,0.009904619306325912,0.012089449912309647,-0.025636978447437286,-0.028330249711871147,0.5369901657104492,0.000893905758857727,0.0015445309691131115,0.0011487631127238274,6.456213304772973e-05,0.00822809524834156,0.009390898048877716,0.011671362444758415,0.005593225825577974,-0.028675220906734467
0.003630551043897867,-0.03017553687095642,0.003579625627025962,-0.029028598219156265,-0.02832956612110138,0.005294064059853554,0.009859530255198479,0.012044199742376804,-0.025603625923395157,-0.028303444385528564,0.5394337773323059,0.0008494076319038868,0.0015081173041835427,0.00113748200237751,5.6555087212473154e-05,0.008242880925536156,0.00937584973871708,0.01169215701520443,0.0055916160345077515,-0.028646033257246017
0.003630304243415594,-0.030174734070897102,0.0035785099025815725,-0.029027385637164116,-0.02832903154194355,0.005293128080666065,0.009860342368483543,0.012045585550367832,-0.025602374225854874,-0.028303373605012894,0.5393322110176086,0.0008510067127645016,0.0015089437365531921,0.0011378992348909378,5.681946640834212e-05,0.008242407813668251,0.009375580586493015,0.011691535823047161,0.00559124443680048,-0.028645509853959084
0.003629957791417837,-0.03019009158015251,0.0035651761572808027,-0.02899899333715439,-0.028346916660666466,0.005283163860440254,0.00991426594555378,0.01209811121225357,-0.025644682347774506,-0.028335697948932648,0.5365352034568787,0.0009023980237543583,0.0015516362618654966,0.0011509060859680176,6.621034117415547e-05,0.008225401863455772,0.009394344873726368,0.011667449027299881,0.0055935438722372055,-0.028681231662631035
0.003630467690527439,-0.030178692191839218,0.0035762563347816467,-0.02902170643210411,-0.028333447873592377,0.005291443783789873,0.009871920570731163,0.012056605890393257,-0.025612937286496162,-0.02831089496612549,0.5387659668922424,0.0008615516126155853,0.0015180966584011912,0.0011405153200030327,5.864346167072654e-05,0.008238755166530609,0.009379851631820202,0.011686379089951515,0.005592166446149349,-0.02865421399474144
0.003629959188401699,-0.03019026666879654,0.003565071616321802,-0.028998756781220436,-0.028347134590148926,0.005283105652779341,0.009914710186421871,0.012098586186766624,-0.02564512938261032,-0.028336042538285255,0.5365117788314819,0.0009027961641550064,0.0015520453453063965,0.00115102156996727,6.626080721616745e-05,0.008225277066230774,0.009394589811563492,0.011667213402688503,0.005593563430011272,-0.028681624680757523
0.0036299224011600018,-0.030190221965312958,0.0035647221375256777,-0.028998207300901413,-0.02834722027182579,0.005282836500555277,0.009915390983223915,0.012099460698664188,-0.025645388290286064,-0.028336353600025177,0.5364634394645691,0.0009035831317305565,0.001552671194076538,0.0011512842029333115,6.637605838477612e-05,0.008225031197071075,0.009394675493240356,0.011666853912174702,0.005593501031398773,-0.028681816533207893
